headline,link
दुई सय परिवारको चेपाङ बस्ती पुस्तौंदेखि लालपुर्जाविहीन,[]
ज्येष्ठ सदस्य केसीले आज शपथ लिने,[]
इरानी नियन्त्रणमा रहेका अमृतको रिहाइका लागि परिवार नै काठमाडौंमा,[]
लैंगिक हिंसा रोक्न धनकुटाका किशोरकिशोरी एकजुट,[]
नक्कली सुनसहित रौतहटमा ४ जना पक्राउ,[]
घाँस काट्न गएकी बालिकाको भीरबाट लडेर मृत्यु,[]
मोबाइल नेटवर्क र इन्टरनेटका लागि नार्पा भूमिको हारगुहार,[]
खुट्टाले लेखेर परीक्षा दिइरहेका सन्देश,[]
कर्णालीमा ८ सय ६१ क्षयरोगीका नयाँ बिरामी,[]
‘क्षयरोग न्यूनीकरणका लागि सामूहिक पहल आवश्यक’,[]
फेरि नयाँ उचाइमा अमेरिकी डलर,[]
ज्येष्ठ सदस्य केसीले आज शपथ लिने,[]
सावित्रा भण्डारी ‘साम्बा’ को घुँडाको सफल शल्यक्रिया,[]
इरानी सिनेमाले नेपाली मेकरलाई सिकाएको ‘मौन भाषा’,[]
कीर्तिपुरमा मृत भेटिएका कागमा बर्डफ्लु पुष्टि,[]
अफगानिस्तानद्वारा पक्राउ परेका अमेरिकी नागरिक रिहा गर्ने घोषणा,[]
एसयूभी स्कोडा कायलाक अब नेपालमा,[]
विद्युतीय गाडी बिक्रीमा बीवाईडीले टेस्लालाई उछिन्यो,[]
